query,time
thenewboston
25/05/2021 19:00:39
query,time
stack
25/05/2021 19:01:24
query,time
stackover
25/05/2021 19:01:30
query,time
stackoverflow
25/05/2021 19:01:37
query,time
cdc
25/05/2021 23:43:52
query,time
cdc
25/05/2021 23:45:25
query,time
cdc
26/05/2021 02:06:58
query,time
geeksforgeeks
26/05/2021 02:07:10
query,time
Roshan
26/05/2021 02:12:18
query,time
covid
26/05/2021 02:12:26
query,time
java
26/05/2021 02:12:32
query,time
python
26/05/2021 02:12:39
query,time
geeks
26/05/2021 02:12:43
query,time
boston
26/05/2021 02:12:47
query,time
thenew
26/05/2021 02:12:51
query,time
thenewboston
26/05/2021 02:12:56
query,time
reddit
26/05/2021 02:24:12
query,time
reddit.com
26/05/2021 02:24:17
query,time
roshan
26/05/2021 02:25:09
query,time
c
26/05/2021 02:25:16
query,time
cdd
26/05/2021 02:25:21
query,time
cdc
26/05/2021 02:25:24
query,time
roshan
26/05/2021 02:26:14
query,time
roshan
26/05/2021 02:26:39
query,time
roshan
26/05/2021 02:27:11
query,time
thenewboston
26/05/2021 02:29:23
query,time
thenewboston
26/05/2021 02:29:44
query,time
roshan
26/05/2021 02:30:08
query,time
roshan
26/05/2021 02:30:48
query,time
roshan
26/05/2021 02:31:22
query,time
thenew
26/05/2021 02:31:31
query,time
boston
26/05/2021 02:31:36
query,time
thenewboston
26/05/2021 02:31:42
query,time
coivd
26/05/2021 02:31:45
query,time
covid
26/05/2021 02:31:48
query,time
19
26/05/2021 02:31:52
query,time
med
26/05/2021 02:31:57
query,time
medicine
26/05/2021 02:32:02
query,time
clinc
26/05/2021 02:32:21
query,time
clinic
26/05/2021 02:32:42
query,time
19
26/05/2021 02:32:47
query,time
medinice
26/05/2021 02:32:53
query,time
medicine
26/05/2021 02:33:03
query,time
instagram
26/05/2021 02:35:47
query,time
roshan
26/05/2021 02:36:40
query,time
snap
26/05/2021 02:38:28
query,time
snapchat
26/05/2021 02:38:35
query,time
roshan
26/05/2021 02:39:45
query,time
roshan
26/05/2021 02:39:59
query,time
Roshan
26/05/2021 02:41:26
query,time
roshan
26/05/2021 02:41:59
query,time
roshan
26/05/2021 02:42:12
query,time
roshan
26/05/2021 02:42:20
query,time
Roshan
26/05/2021 02:43:03
query,time
roshan
26/05/2021 02:43:28
query,time
boston
26/05/2021 02:43:42
query,time
thenewb
26/05/2021 02:43:46
query,time
thenewboston
26/05/2021 02:43:51
query,time
stack
26/05/2021 02:43:55
query,time
clinc
26/05/2021 02:44:00
query,time
roshan
26/05/2021 02:44:32
query,time
snapchat
26/05/2021 02:44:36
query,time
fb
26/05/2021 02:44:41
query,time
facebook
26/05/2021 02:44:45
query,time
instagram
26/05/2021 02:44:49
query,time
Roshan
26/05/2021 02:45:43
query,time
Roshan has a crush on Ruth
26/05/2021 02:45:48
query,time
Ruth
26/05/2021 02:45:54
query,time
Ruth
26/05/2021 02:46:13
query,time
Ruth
26/05/2021 02:46:26
query,time
roshan
26/05/2021 02:50:12
query,time
roshan
26/05/2021 02:51:29
query,time
Roshan
26/05/2021 02:51:56
query,time
roshan
26/05/2021 02:52:57
query,time
""
26/05/2021 02:53:26
query,time
stack
26/05/2021 02:53:31
query,time
roshan
26/05/2021 02:54:11
query,time
roshan
26/05/2021 02:55:07
query,time
Roshan
26/05/2021 02:55:53
query,time
roshan
26/05/2021 02:56:47
query,time
roshan
26/05/2021 02:57:37
query,time
stack
26/05/2021 02:57:43
query,time
roshan
26/05/2021 02:57:59
query,time
snap
26/05/2021 02:58:02
query,time
snapchat
26/05/2021 02:58:07
query,time
insta
26/05/2021 02:58:12
query,time
instagram
26/05/2021 02:58:16
query,time
facebook.com
26/05/2021 02:58:21
